{
    "actual_volume": 0.15,
    "convex_hull_volume": 0.15,
    "oorspronkelijkbouwjaar": 0.15,
    "b3_opp_buitenmuur": 0.15,
    "b3_opp_dak_plat": 0.15,
    "b3_opp_dak_schuin": 0.15,
    "b3_opp_grond": 0.15,
    "b3_opp_scheidingsmuur": 0.15,
    "aantal_verblijfsobjecten": 0.15,
    "totaal_oppervlakte": 0.15,
    "woonfunctie": 0.075,
    "bijeenkomstfunctie": 0.075,
    "gezondheidszorgfunctie": 0.075,
    "industriefunctie": 0.075,
    "kantoorfunctie": 0.075,
    "logiesfunctie": 0.075,
    "winkelfunctie": 0.075,
    "overige gebruiksfunctie": 0.075,
    "circularity_2d": 0.333333333,
    "hemisphericality_3d": 0.333333333,
    "convexity_2d": 0.333333333,
    "convexity_3d": 0.333333333,
    "fractality_2d": 0.333333333,
    "fractality_3d": 0.333333333,
    "rectangularity_2d": 0.333333333,
    "rectangularity_3d": 0.333333333,
    "squareness_2d": 0.333333333,
    "cubeness_3d": 0.333333333,
    "horizontal_elongation": 0.333333333,
    "form_factor_3D": 0.333333333,
    "equivalent_rectangularity_index_2d": 0.333333333,
    "equivalent_prism_index_3d": 0.333333333,
    "proximity_index_2d": 0.333333333,
    "proximity_index_3d": 0.333333333,
    "exchange_index_2d": 0.333333333,
    "spin_index_2d": 0.333333333,
    "spin_index_3d": 0.333333333,
    "perimeter_index_2d": 0.333333333,
    "circumference_index_3d": 0.333333333,
    "depth_index_2d": 0.333333333,
    "depth_index_3d": 0.333333333,
    "girth_index_2d": 0.333333333,
    "girth_index_3d": 0.333333333,
    "dispersion_index_2d": 0.333333333,
    "dispersion_index_3d": 0.333333333,
    "range_index_2d": 0.333333333,
    "range_index_3d": 0.333333333,
    "roughness_index_2d": 0.333333333,
    "roughness_index_3d": 0.333333333,
    "turning_function_0": 0.161290323,
    "turning_function_1": 0.161290323,
    "turning_function_2": 0.161290323,
    "turning_function_3": 0.161290323,
    "turning_function_4": 0.161290323,
    "turning_function_5": 0.161290323,
    "turning_function_6": 0.161290323,
    "turning_function_7": 0.161290323,
    "turning_function_8": 0.161290323,
    "turning_function_9": 0.161290323,
    "turning_function_10": 0.161290323,
    "turning_function_11": 0.161290323,
    "turning_function_12": 0.161290323,
    "turning_function_13": 0.161290323,
    "turning_function_14": 0.161290323,
    "turning_function_15": 0.161290323,
    "turning_function_16": 0.161290323,
    "turning_function_17": 0.161290323,
    "turning_function_18": 0.161290323,
    "turning_function_19": 0.161290323,
    "turning_function_20": 0.161290323,
    "turning_function_21": 0.161290323,
    "turning_function_22": 0.161290323,
    "turning_function_23": 0.161290323,
    "turning_function_24": 0.161290323,
    "turning_function_25": 0.161290323,
    "turning_function_26": 0.161290323,
    "turning_function_27": 0.161290323,
    "turning_function_28": 0.161290323,
    "turning_function_29": 0.161290323,
    "turning_function_30": 0.161290323,
    "main_roof_parts": 0.2,
    "main_roof_area": 0.2,
    "other_roof_parts": 0.2,
    "other_roof_area": 0.2,
    "part_ratio": 0.2,
    "area_ratio": 0.2
}